<?xml version="1.0"?>
<doc>
    <assembly>
        <name>Mysoft.Config.Client</name>
    </assembly>
    <members>
        <member name="T:Mysoft.Config.Common.ConfigServiceException">
            <summary>
            配置服务异常
            </summary>
        </member>
        <member name="M:Mysoft.Config.Common.ConfigServiceException.#ctor(System.String)">
            <summary>
            构造函数
            </summary>
            <param name="message"></param>
        </member>
        <member name="M:Mysoft.Config.Common.ConfigServiceException.#ctor(System.String,System.Exception)">
            <summary>
            构造函数
            </summary>
            <param name="message"></param>
            <param name="innerException"></param>
        </member>
        <member name="M:Mysoft.Config.Common.ConfigServiceException.#ctor(System.Runtime.Serialization.SerializationInfo,System.Runtime.Serialization.StreamingContext)">
            <summary>
            构造函数
            </summary>
            <param name="info"><see cref="T:System.Runtime.Serialization.SerializationInfo" />，它存有有关所引发异常的序列化的对象数据。</param>
            <param name="context"><see cref="T:System.Runtime.Serialization.StreamingContext" />，它包含有关源或目标的上下文信息。</param>
        </member>
        <member name="T:Mysoft.Config.Common.Network.BroadcastMessage">
            <summary>
            多播消息
            </summary>
        </member>
        <member name="P:Mysoft.Config.Common.Network.BroadcastMessage.IP">
            <summary>
            消息来源IP地址
            </summary>
        </member>
        <member name="P:Mysoft.Config.Common.Network.BroadcastMessage.MacAddress">
            <summary>
            消息来源的Mac地址
            </summary>
        </member>
        <member name="P:Mysoft.Config.Common.Network.BroadcastMessage.ComputerName">
            <summary>
            计算器名，服务器唯一标识
            </summary>
        </member>
        <member name="T:Mysoft.Config.Common.RegistryHelper">
            <summary>
            注册表操作帮助类。
            </summary>
        </member>
        <member name="P:Mysoft.Config.Common.RegistryHelper.LocalMachineRegistryKey">
            <summary>
            获取注册表的LocalMachine节点
            如果是64位系统，不管当前进程是32位还是64位，只使用64位注册表地址。
            </summary>
        </member>
        <member name="M:Mysoft.Config.Common.RegistryHelper.Write(System.String,System.Collections.Generic.Dictionary{System.String,System.String})">
            <summary>
            写入注册表信息。
            </summary>
            <param name="path">注册表路径。</param>
            <param name="dict">数据集合。</param>
        </member>
        <member name="M:Mysoft.Config.Common.RegistryHelper.Write(System.String,System.String,System.Object)">
            <summary>
            向指定路径写入指定名称的值。
            </summary>
            <param name="path">注册表路径。</param>
            <param name="name">注册表名称。</param>
            <param name="value">注册表值。</param>
        </member>
        <member name="M:Mysoft.Config.Common.RegistryHelper.ReadString(System.String,System.String)">
            <summary>
            读取注册表指定名称的字符串值。
            </summary>
            <param name="path">注册表路径。</param>
            <param name="name">注册表名称。</param>
            <returns></returns>
        </member>
        <member name="M:Mysoft.Config.Common.RegistryHelper.GetSubKeyNames(System.String)">
            <summary>
            获取所有子项。
            </summary>
            <param name="path">注册表路径。</param>
            <returns></returns>
        </member>
        <member name="M:Mysoft.Config.Common.RegistryHelper.Delete(System.String)">
            <summary>
            删除指定路径的注册表子项。
            </summary>
            <param name="path">注册表路径。</param>
        </member>
        <member name="T:Mysoft.Config.Common.RetryHelper">
            <summary>
            重试辅助方法
            </summary>
        </member>
        <member name="M:Mysoft.Config.Common.RetryHelper.Execute(System.Action,System.Int32,System.Int32)">
            <summary>
            重试N次执行操作
            如果重试N次后仍然失败，抛出最后一次异常
            </summary>
            <param name="action"></param>
            <param name="retryTimes">重试次数</param>
            <param name="waitSeconds">重试等待秒数</param>
        </member>
        <member name="M:Mysoft.Config.Common.RetryHelper.Get``1(System.Func{``0},System.Int32,System.Int32)">
            <summary>
            重试N次执行操作，获取返回值
            如果重试N次后仍然失败，抛出最后一次异常
            </summary>
            <param name="func"></param>
            <param name="retryTimes">重试次数</param>
            <param name="waitSeconds">重试等待秒数</param>
            <returns></returns>
        </member>
        <member name="M:Mysoft.Config.Common.RetryHelper.Get``1(System.Func{``0},``0,System.Int32,System.Int32)">
            <summary>
            重试N次执行操作，获取返回值
            如果重试N次后仍然失败，返回默认值
            </summary>
            <param name="func"></param>
            <param name="defaultValue">默认值</param>
            <param name="retryTimes">重试次数</param>
            <param name="waitSeconds">重试等待秒数</param>
            <returns></returns>
        </member>
        <member name="T:Mysoft.Config.Common.SysConst">
            <summary>
            系统常量定义
            </summary>
        </member>
        <member name="F:Mysoft.Config.Common.SysConst.BroadcastUdpPort">
            <summary>
            UDP广播端口
            </summary>
        </member>
        <member name="F:Mysoft.Config.Common.SysConst.HttpPort">
            <summary>
            HTTP监听端口
            </summary>
        </member>
        <member name="T:Mysoft.Config.Common.ValidateHelper">
            <summary>
            对象校验辅助对象
            </summary>
        </member>
        <member name="M:Mysoft.Config.Common.ValidateHelper.Required(System.String,System.String)">
            <summary>
            校验必填字段
            </summary>
            <param name="field"></param>
            <param name="message"></param>
            <returns></returns>
        </member>
        <member name="M:Mysoft.Config.Common.ValidateHelper.Required``1(``0,System.String)">
            <summary>
            校验必填字段
            </summary>
            <typeparam name="T"></typeparam>
            <param name="field"></param>
            <param name="message"></param>
            <returns></returns>
        </member>
        <member name="M:Mysoft.Config.Common.ValidateHelper.CheckInvalidChar(System.String,System.String)">
            <summary>
            校验是否存在无效的特殊字符
            </summary>
            <param name="field"></param>
            <param name="message"></param>
            <returns></returns>
        </member>
        <member name="M:Mysoft.Config.Common.ValidateHelper.CheckUrl(System.String,System.String)">
            <summary>
            校验是否为合法的URL
            </summary>
            <param name="field"></param>
            <param name="message"></param>
            <returns></returns>
        </member>
        <member name="T:Mysoft.Config.Service.Models.ConfigItem">
            <summary>
            配置的键值对
            </summary>
        </member>
        <member name="P:Mysoft.Config.Service.Models.ConfigItem.Name">
            <summary>
            配置的键
            </summary>
        </member>
        <member name="P:Mysoft.Config.Service.Models.ConfigItem.Value">
            <summary>
            配置的值
            </summary>
        </member>
        <member name="M:Mysoft.Config.Service.Models.ConfigItem.ToString">
            <summary>
            输出显示的文本
            </summary>
            <returns></returns>
        </member>
        <member name="T:Mysoft.Config.Service.Models.Environments">
            <summary>
            系统环境列表
            </summary>
        </member>
        <member name="P:Mysoft.Config.Service.Models.Environments.Data">
            <summary>
            系统环境列表
            </summary>
        </member>
        <member name="T:Mysoft.Config.Service.Models.Environment">
            <summary>
            系统环境实体
            </summary>
        </member>
        <member name="P:Mysoft.Config.Service.Models.Environment.Key">
            <summary>
            实体Key
            </summary>
        </member>
        <member name="P:Mysoft.Config.Service.Models.Environment.Text">
            <summary>
            环境显示名称
            </summary>
        </member>
        <member name="T:Mysoft.Config.Service.Models.SiteConfig">
            <summary>
            站点配置
            </summary>
        </member>
        <member name="P:Mysoft.Config.Service.Models.SiteConfig.Sites">
            <summary>
            站点列表
            </summary>
        </member>
        <member name="T:Mysoft.Config.Service.Models.Site">
            <summary>
            一个站点
            </summary>
        </member>
        <member name="P:Mysoft.Config.Service.Models.Site.Key">
            <summary>
            站点Key
            </summary>
        </member>
        <member name="P:Mysoft.Config.Service.Models.Site.Name">
            <summary>
            名称
            </summary>
        </member>
        <member name="P:Mysoft.Config.Service.Models.Site.Url">
            <summary>
            站点地址
            </summary>
        </member>
        <member name="P:Mysoft.Config.Service.Models.Site.ConfigDefineUpdateTime">
            <summary>
            站点配置更新时间
            </summary>
        </member>
        <member name="M:Mysoft.Config.Service.Models.Site.Velidate">
            <summary>
            数据校验
            </summary>
        </member>
        <member name="T:Mysoft.Config.Client.ConfigCacheItem">
            <summary>
            配置客户端缓存项
            </summary>
        </member>
        <member name="M:Mysoft.Config.Client.ConfigCacheItem.#ctor">
            <summary>
            
            </summary>
        </member>
        <member name="M:Mysoft.Config.Client.ConfigCacheItem.#ctor(System.String,System.String,System.Collections.Generic.List{Mysoft.Config.Service.Models.ConfigItem})">
            <summary>
            
            </summary>
            <param name="env"></param>
            <param name="appId"></param>
            <param name="data"></param>
        </member>
        <member name="P:Mysoft.Config.Client.ConfigCacheItem.CacheTime">
            <summary>
            缓存时间
            </summary>
        </member>
        <member name="P:Mysoft.Config.Client.ConfigCacheItem.Env">
            <summary>
            环境名
            </summary>
        </member>
        <member name="P:Mysoft.Config.Client.ConfigCacheItem.AppId">
            <summary>
            AppID,站点标识
            </summary>
        </member>
        <member name="P:Mysoft.Config.Client.ConfigCacheItem.Data">
            <summary>
            配置项数据
            </summary>
        </member>
        <member name="P:Mysoft.Config.Client.ConfigCacheItem.CacheKey">
            <summary>
            缓存键
            </summary>
        </member>
        <member name="P:Mysoft.Config.Client.ConfigCacheItem.IsOutTime">
            <summary>
            判断缓存是否已经过期
            一分钟前的缓存视为过期
            </summary>
        </member>
        <member name="T:Mysoft.Config.Client.ConfigManager">
            <summary>
            配置服务客户端
            </summary>
        </member>
        <member name="F:Mysoft.Config.Client.ConfigManager.s_serviceUri">
            <summary>
            消息列队服务uri
            </summary>
        </member>
        <member name="F:Mysoft.Config.Client.ConfigManager.s_envKey">
            <summary>
            环境标识
            </summary>
        </member>
        <member name="F:Mysoft.Config.Client.ConfigManager.s_appId">
            <summary>
            环境标识
            </summary>
        </member>
        <member name="M:Mysoft.Config.Client.ConfigManager.Init">
            <summary>
            执行客户端的初始化动作
            </summary>
        </member>
        <member name="M:Mysoft.Config.Client.ConfigManager.Init(System.String,System.String,System.String)">
            <summary>
            执行客户端初始化动作（使用传入的参数）
            </summary>
            <param name="serviceUri"></param>
            <param name="envKey"></param>
            <param name="appId"></param>
        </member>
        <member name="M:Mysoft.Config.Client.ConfigManager.GetEnvironmentList">
            <summary>
            读取全部的环境列表
            key: 环境标识EnvKey
            value: 显示名称
            </summary>
            <returns></returns>
        </member>
        <member name="M:Mysoft.Config.Client.ConfigManager.AddEnvironment(System.String,System.String)">
            <summary>
            增加环境
            </summary>
            <param name="key"></param>
            <param name="text"></param>
        </member>
        <member name="M:Mysoft.Config.Client.ConfigManager.DelEnvironment(System.String)">
            <summary>
            删除环境
            </summary>
            <param name="key"></param>
        </member>
        <member name="M:Mysoft.Config.Client.ConfigManager.GetSetting(System.String)">
            <summary>
            获取当前站点的配置项。
            </summary>
            <param name="name">配置项名称</param>
            <returns></returns>
        </member>
        <member name="M:Mysoft.Config.Client.ConfigManager.GetSetting(System.String,System.String)">
            <summary>
            获取指定appId的配置项。
            </summary>
            <param name="appId">appId</param>
            <param name="name">配置项名称</param>
            <returns></returns>
        </member>
        <member name="M:Mysoft.Config.Client.ConfigManager.GetSettings(System.String)">
            <summary>
            获取指定appId的配置项。
            </summary>
            <param name="appId">appId</param>
            <returns></returns>
        </member>
        <member name="M:Mysoft.Config.Client.ConfigManager.GetSetting(System.String,System.String,System.String)">
            <summary>
            读取指定环境标识、指定站点的配置项
            如果无法读取，返回空字符串
            </summary>
            <param name="envKey">环境名称</param>
            <param name="appId">appId</param>
            <param name="name">配置项名称</param>
            <returns></returns>
        </member>
        <member name="M:Mysoft.Config.Client.ConfigManager.GetGlobalSetting(System.String)">
            <summary>
            获取全局配置项
            </summary>
            <param name="name"></param>
            <returns></returns>
        </member>
        <member name="M:Mysoft.Config.Client.ConfigManager.GetSettings(System.String,System.String)">
            <summary>
            获取指定appId的配置项集合。
            </summary>
            <param name="envKey"></param>
            <param name="appId">appId</param>
            <returns></returns>
        </member>
        <member name="M:Mysoft.Config.Client.ConfigManager.SetSetting(System.String,System.String,System.String,System.String)">
            <summary>
            保存配置的值到配置中心
            </summary>
            <param name="name">配置名称</param>
            <param name="value">配置的值</param>
            <param name="envKey">环境Key，为null时使用当前环境key</param>
            <param name="appId">应用程序标识，为null时使用当前站点key</param>
        </member>
        <member name="M:Mysoft.Config.Client.ConfigManager.GetSettingsFromServer(System.String,System.String)">
            <summary>
            从配置中心服务读取全部配置项，读取不到则返回null。
            如果读取到将配置文件缓存起来
            </summary>
            <param name="envKey"></param>
            <param name="appId"></param>
            <returns></returns>
        </member>
        <member name="M:Mysoft.Config.Client.ConfigManager.AddSite(System.String,System.String,System.String,System.String,System.String)">
            <summary>
            向配置服务增加一个站点信息
            </summary>
            <param name="envKey">环境标识</param>
            <param name="siteKey">站点标识</param>
            <param name="name">站点显示名称</param>
            <param name="url">站点URL</param>
            <param name="defineXml">站点配置定义XML</param>
        </member>
        <member name="M:Mysoft.Config.Client.ConfigManager.DeleteSite(System.String,System.String)">
            <summary>
            向配置服务删除一个站点
            </summary>
            <param name="envKey">环境标识</param>
            <param name="siteKey">站点标识</param>
        </member>
        <member name="M:Mysoft.Config.Client.ConfigManager.GetSiteList(System.String)">
            <summary>
            向配置服务获取站点列表信息
            </summary>
            <param name="envKey">环境标识，传入null默认当前环境</param>
        </member>
        <member name="M:Mysoft.Config.Client.ConfigManager.GetSiteInfo(System.String,System.String)">
            <summary>
            读取站点列表信息
            </summary>
            <param name="envKey">环境标识，传入null默认当前环境</param>
            <param name="siteKey">站点标识</param>
            <returns></returns>
        </member>
        <member name="M:Mysoft.Config.Client.HttpOptionExtends.TryGetResult(ClownFish.Base.WebClient.HttpOption,System.String@)">
            <summary>
            尝试从HttpOption中读取返回字符串结果
            重试2次，失败后立刻重试，不等待
            </summary>
            <param name="httpOption"></param>
            <param name="result"></param>
            <returns></returns>
        </member>
        <member name="M:Mysoft.Config.Client.HttpOptionExtends.TryGetResult``1(ClownFish.Base.WebClient.HttpOption,``0@)">
            <summary>
            尝试从HttpOption中读取返回结果
            重试2次，失败后立刻重试，不等待
            </summary>
            <param name="httpOption"></param>
            <param name="result"></param>
            <returns></returns>
        </member>
        <member name="T:Mysoft.Config.Client.ConfigInitialize">
            <summary>
            初始化配置读取辅助对象
            </summary>
        </member>
        <member name="M:Mysoft.Config.Client.ConfigInitialize.GetConfigCenterUri">
            <summary>
            读取配置服务地址
            遵循下列顺序：
            1、如果站点下存在配置文件（configService.config），从配置文件读取。
            2、如果注册表存在配置服务地址，从注册表读取。
            3、如果可以，从配置服务的UDP广播读取。
            </summary>
            <returns></returns>
        </member>
        <member name="M:Mysoft.Config.Client.ConfigInitialize.SaveServiceUri(System.String)">
            <summary>
            记录配置中心地址到注册表，以便下次读取
            </summary>
            <param name="uri"></param>
        </member>
        <member name="M:Mysoft.Config.Client.ConfigInitialize.GetEnvironmentKey">
            <summary>
            读取当前默认的环境Key
            遵循以下顺序：
            1、如果站点下存在配置文件（configService.config），从配置文件读取
            2、从Web.config/App.Config读取configcenter-environmentid节点
            </summary>
            <returns></returns>
        </member>
        <member name="M:Mysoft.Config.Client.ConfigInitialize.GetAppId">
            <summary>
            读取当前默认的AppID（应用程序标识）
            遵循以下顺序：
            1、如果站点下存在配置文件（configService.config），从配置文件读取
            2、从Web.config/App.Config读取configcenter-appid节点
            </summary>
            <returns></returns>
        </member>
        <member name="M:Mysoft.Config.Client.ConfigInitialize.GetConfigCenterUriFromBroadcast">
            <summary>
            从UDP广播中发现可用的配置服务,
            </summary>
            <returns></returns>
        </member>
        <member name="M:Mysoft.Config.Client.ConfigInitialize.GetConfigCenterUriListFromBroadcast(System.Int32)">
            <summary>
            从广播中获取可用的配置中心地址
            </summary>
            <param name="detectedTimeout"></param>
            <returns></returns>
        </member>
        <member name="T:Mysoft.Config.Client.ConfigServiceSetting">
            <summary>
            配置服务设置
            </summary>
        </member>
        <member name="P:Mysoft.Config.Client.ConfigServiceSetting.Uri">
            <summary>
            服务地址
            </summary>
        </member>
        <member name="P:Mysoft.Config.Client.ConfigServiceSetting.EnvironmentKey">
            <summary>
            环境Key
            </summary>
        </member>
        <member name="P:Mysoft.Config.Client.ConfigServiceSetting.AppId">
            <summary>
            站点Key
            </summary>
        </member>
        <member name="T:Mysoft.Config.Client.Network.BroadcastMessageEventArgs">
            <summary>
            消息事件参数
            </summary>
        </member>
        <member name="P:Mysoft.Config.Client.Network.BroadcastMessageEventArgs.BroadcastMessage">
            <summary>
            消息头
            </summary>
        </member>
        <member name="E:Mysoft.Config.Client.Network.UdpBroadcastReceiverManager.OnMessageReceived">
            <summary>
            接收消息事件
            </summary>
        </member>
        <member name="M:Mysoft.Config.Client.Network.UdpBroadcastReceiverManager.Init">
            <summary>
            初始化UDP服务端
            </summary>
        </member>
        <member name="M:Mysoft.Config.Client.Network.UdpBroadcastReceiverManager.Dispose">
            <summary>
            销毁UDP服务端
            </summary>
        </member>
        <member name="M:Mysoft.Config.Client.Network.UdpBroadcastReceiverManager.ReceiveMessageThreadProc">
            <summary>
            接收UDP消息的线程处理函数
            </summary>
        </member>
        <member name="M:ConfigCacheManager.GetCacheKey(System.String,System.String)">
            <summary>
            获取缓存键
            </summary>
            <param name="env"></param>
            <param name="appid"></param>
            <returns></returns>
        </member>
    </members>
</doc>
